group;cluster;length;end to end distance;ratio
Mutant;1;11.335812583853;7.23403731660115;0.63815780854612
Mutant;1;10.2021294481472;7.53304816780656;0.738379982933329
Mutant;1;8.80530801613443;8.29608143712886;0.942168226475157
Mutant;1;9.71685818296438;7.38009017055171;0.759514035461638
Mutant;1;10.0884059581241;6.73010568423119;0.667112892975078
Mutant;1;10.8515561291462;7.94935603847991;0.732554478258537
Mutant;1;10.376726709839;9.45884026958533;0.911543739570268
Mutant;1;9.91696829942059;9.28200070677293;0.935971602058589
